{ "totalSentPackets" : 51290, "duplicatedPackets" : 17930, "duplicatedDroppedPackets" : 9412, "duplicatedPacketDropRate" : 52.49302844394869, "totalStreamBytes" : 50553602, "duplicatedStreamBytes" : 18957100, "duplicateStreamRate" : 37.49900946721858}