{ "totalSentPackets" : 135339, "duplicatedPackets" : 76346, "duplicatedDroppedPackets" : 51168, "duplicatedPacketDropRate" : 67.02119298980955, "totalStreamBytes" : 163506385, "duplicatedStreamBytes" : 96245949, "duplicateStreamRate" : 58.863725107738155}